{
  "topic": "How will your Soulmate surprise you?",
  "image": "\/media\/soulmate-surprise\/banner.jpg",
  "description": "Find out how your soulmate will surprise you.",
  "pageContent": "",
  "type": "random",
  "questions": null,
  "results": [
    {
      "id": "87bbd070-5d98-43ee-96ab-10e12ad129ff",
      "title": "By Taking you to your dream vacation spot",
      "image": "\/media\/soulmate-surprise\/dream-vacation.jpg",
      "description": "",
      "pointsToAward": ""
    },
    {
      "id": "3065764c-c02c-402c-a243-729df86e25bf",
      "title": "By buying you a ferrari",
      "image": "\/media\/soulmate-surprise\/ferrari.jpg",
      "description": "",
      "pointsToAward": ""
    },
    {
      "id": "eb0bae40-10ce-4ee3-b983-492f7c351682",
      "title": "By taking you on a world tour!",
      "image": "\/media\/soulmate-surprise\/world-tour.jpg",
      "description": "",
      "pointsToAward": ""
    }
  ],
  "ogImages": {
    "main": "\/media\/soulmate-surprise\/banner.jpg"
  },
  "active": true,
  "created_at": "2017-04-18 02:22:21",
  "updated_at": "2017-04-18 02:32:48",
  "settings": {
    "customStartQuizText": "Find out!",
    "forceLogin": "disabled",
    "loginPromptMessage": "",
    "enableShareLock": "As per quiz config",
    "showCorrectAnswerDuringQuiz": "As per quiz config",
    "showCorrectAnswersAtTheEnd": "As per quiz config",
    "addUserPicInResults": "true",
    "userPicXPos": "394",
    "userPicYPos": "39",
    "userPicSize": "88"
  },
  "category": 1
}