{
  "topic": "What does your face reveal about you?",
  "image": "\/media\/face-reveals-about-you\/banner.jpg",
  "description": "Find out what your facial features reveal about you based on your FB profile picture!",
  "pageContent": "",
  "type": "random",
  "questions": null,
  "results": [
    {
      "id": "87bbd070-5d98-43ee-96ab-10e12ad129ff",
      "title": "You are just awesome!",
      "image": "\/media\/face-reveals-about-you\/1.jpg",
      "description": "",
      "pointsToAward": ""
    },
    {
      "id": "3065764c-c02c-402c-a243-729df86e25bf",
      "title": "You are just awesome!",
      "image": "\/media\/face-reveals-about-you\/2.jpg",
      "description": "",
      "pointsToAward": ""
    },
    {
      "id": "eb0bae40-10ce-4ee3-b983-492f7c351682",
      "title": "You are just awesome!",
      "image": "\/media\/face-reveals-about-you\/3.jpg",
      "description": "",
      "pointsToAward": ""
    }
  ],
  "ogImages": {
    "main": "\/media\/face-reveals-about-you\/banner.jpg"
  },
  "active": true,
  "created_at": "2017-04-18 02:59:42",
  "updated_at": "2017-04-18 02:59:42",
  "settings": {
    "customStartQuizText": "Find out!",
    "forceLogin": "disabled",
    "loginPromptMessage": "",
    "enableShareLock": "As per quiz config",
    "showCorrectAnswerDuringQuiz": "As per quiz config",
    "showCorrectAnswersAtTheEnd": "As per quiz config",
    "addUserPicInResults": "true",
    "userPicXPos": "225",
    "userPicYPos": "132",
    "userPicSize": "151"
  },
  "category": 1
}