{
  "topic": "How dirty is your mind?",
  "image": "\/media\/dirty-mind\/banner.jpg",
  "description": "Dirty mind! Ever wondered how dirty your mind is? Find it out with this simple test.",
  "pageContent": "",
  "type": "prediction",
  "questions": [
    {
      "question": "69 What\u2019s the thought on your mind now?",
      "description": "<p><br><\/p>",
      "image": "",
      "choices": [
        {
          "type": "simple",
          "title": "Lol",
          "image": "",
          "favoursResult": [
            {
              "result": "0bd3c01a-1c2a-4d67-8ee3-05e1817ea7d1",
              "weightage": "1"
            }
          ],
          "id": "ec582ced-5f5b-43ec-a023-05108db55c8b"
        },
        {
          "type": "simple",
          "title": "Let's try it;) ",
          "image": "",
          "favoursResult": [
            {
              "result": "dad64174-a4f9-496d-bfdc-3d97bc591ea0",
              "weightage": "1"
            }
          ],
          "id": "4eec3503-65b1-4ac5-bd5b-9a9de4a58e5c"
        },
        {
          "type": "simple",
          "title": "It could be dirty, but I\u2019m not thinking that way",
          "image": "",
          "favoursResult": [
            {
              "result": "8f795d21-48a6-473f-af11-5406b167636d",
              "weightage": "1"
            }
          ],
          "id": "6398a016-2bab-4d6b-b09b-d5ec6ca79b38"
        },
        {
          "type": "simple",
          "title": "What\u2019s up with this 69? Its just a number!",
          "image": "",
          "favoursResult": [
            {
              "result": "fd7bb39b-8135-42b5-a557-fba0b16bf658",
              "weightage": "1"
            }
          ],
          "id": "bb60b443-4fdc-4b6b-8936-8319e6acb947"
        },
        {
          "type": "simple",
          "title": "Its my Fav",
          "image": "",
          "favoursResult": [
            {
              "result": "0bd3c01a-1c2a-4d67-8ee3-05e1817ea7d1",
              "weightage": "1"
            }
          ],
          "id": "735a4cf7-68fc-4a70-bfc0-5d01d930b174"
        },
        {
          "type": "simple",
          "title": "I\u2019m getting horny",
          "image": "",
          "favoursResult": [
            {
              "result": "dad64174-a4f9-496d-bfdc-3d97bc591ea0",
              "weightage": "1"
            }
          ],
          "id": "299fedbe-befa-4e05-bbdf-b463a865bf67"
        },
        {
          "type": "simple",
          "title": "I\u2019m shy",
          "image": "",
          "favoursResult": [
            {
              "result": "8f795d21-48a6-473f-af11-5406b167636d",
              "weightage": "1"
            }
          ],
          "id": "da96834f-726e-44b3-8a3a-df9842bf1363"
        }
      ],
      "skippable": "false",
      "id": "fe09016d-697f-4c40-b19d-b41441209c69",
      "index": "0"
    },
    {
      "question": "Which hand works best for it?",
      "description": "<p><br><\/p>",
      "image": "",
      "choices": [
        {
          "type": "simple",
          "title": "Left",
          "image": "",
          "favoursResult": [
            {
              "result": "0bd3c01a-1c2a-4d67-8ee3-05e1817ea7d1",
              "weightage": "1"
            }
          ],
          "id": "4321a84a-5c3a-48fc-8ee5-81463fe7ed44"
        },
        {
          "type": "simple",
          "title": "RIght",
          "image": "",
          "favoursResult": [
            {
              "result": "0bd3c01a-1c2a-4d67-8ee3-05e1817ea7d1",
              "weightage": "1"
            }
          ],
          "id": "357c7519-2146-4aa0-963d-fc32c8eaf26f"
        },
        {
          "type": "simple",
          "title": "Both",
          "image": "",
          "favoursResult": [
            {
              "result": "0bd3c01a-1c2a-4d67-8ee3-05e1817ea7d1",
              "weightage": "1"
            }
          ],
          "id": "8ef82c8f-ecfb-4af4-8130-ce5a6b9d1f36"
        },
        {
          "type": "simple",
          "title": "Somebody else\u2019s! Left or right doesn\u2019t matter!",
          "image": "",
          "favoursResult": [
            {
              "result": "dad64174-a4f9-496d-bfdc-3d97bc591ea0",
              "weightage": "1"
            }
          ],
          "id": "f6f824b3-497d-4512-a8ae-c4c0c27993b4"
        },
        {
          "type": "simple",
          "title": "For what?",
          "image": "",
          "favoursResult": [
            {
              "result": "8f795d21-48a6-473f-af11-5406b167636d",
              "weightage": "1"
            }
          ],
          "id": "7a7ab811-ecc6-4688-834d-4a8d53f87523"
        }
      ],
      "skippable": "false",
      "id": "6bf1a539-3668-45cc-8361-3f177d36f779",
      "index": "1"
    },
    {
      "question": "Look at this image! What is your first thought? Be honest! ",
      "description": "<p><br><\/p>",
      "image": "\/media\/dirty-mind\/lamp.jpg",
      "choices": [
        {
          "type": "simple",
          "title": "Oh! its dirty!",
          "image": "",
          "favoursResult": [
            {
              "result": "dad64174-a4f9-496d-bfdc-3d97bc591ea0",
              "weightage": "1"
            }
          ],
          "id": "8f648fcd-08b8-484f-91ca-4b75535fdfe9"
        },
        {
          "type": "simple",
          "title": "WTF?",
          "image": "",
          "favoursResult": [
            {
              "result": "0bd3c01a-1c2a-4d67-8ee3-05e1817ea7d1",
              "weightage": "1"
            }
          ],
          "id": "e45416d2-b53b-4d86-9636-2d9080e14c7a"
        },
        {
          "type": "simple",
          "title": "Lol.. I saw it! ",
          "image": "",
          "favoursResult": [
            {
              "result": "0bd3c01a-1c2a-4d67-8ee3-05e1817ea7d1",
              "weightage": "1"
            }
          ],
          "id": "53b33c48-00da-452f-b46c-000af46c8a0d"
        },
        {
          "type": "simple",
          "title": "Its a lamp",
          "image": "",
          "favoursResult": [
            {
              "result": "fd7bb39b-8135-42b5-a557-fba0b16bf658",
              "weightage": "1"
            }
          ],
          "id": "ccc52496-e3e4-4d73-8273-86835cdb1c66"
        },
        {
          "type": "simple",
          "title": "Hey, its a lamp, but it looks like something else! LOL",
          "image": "",
          "favoursResult": [
            {
              "result": "8f795d21-48a6-473f-af11-5406b167636d",
              "weightage": "1"
            }
          ],
          "id": "b6b844dd-e0d1-49d3-84a6-cf4fc107848d"
        },
        {
          "type": "simple",
          "title": "Thats sexy!",
          "image": "",
          "favoursResult": [
            {
              "result": "dad64174-a4f9-496d-bfdc-3d97bc591ea0",
              "weightage": "1"
            }
          ],
          "id": "10a34bd3-864f-4bcb-9daa-2a1efc9f2673"
        }
      ],
      "skippable": "false",
      "id": "087d131c-7f2e-49e2-a94b-edfa071e9149",
      "index": "2"
    },
    {
      "question": "Look at this image! What is your very first thought? Be honest! ",
      "description": "<p><br><\/p>",
      "image": "\/media\/dirty-mind\/fat-woman.jpg",
      "choices": [
        {
          "type": "simple",
          "title": "OMG! Is she nude?",
          "image": "",
          "favoursResult": [
            {
              "result": "dad64174-a4f9-496d-bfdc-3d97bc591ea0",
              "weightage": "1"
            }
          ],
          "id": "af09c2ac-deda-4104-ab4c-ecdc21113538"
        },
        {
          "type": "simple",
          "title": "Let me have a closer look",
          "image": "",
          "favoursResult": [
            {
              "result": "dad64174-a4f9-496d-bfdc-3d97bc591ea0",
              "weightage": "1"
            }
          ],
          "id": "f2b1c557-84f5-449e-b06b-ab7f8a8ab6ff"
        },
        {
          "type": "simple",
          "title": "Lol! Its her hand",
          "image": "",
          "favoursResult": [
            {
              "result": "0bd3c01a-1c2a-4d67-8ee3-05e1817ea7d1",
              "weightage": "1"
            }
          ],
          "id": "9c8835e4-34ba-4ab7-a441-82501258b1ea"
        },
        {
          "type": "simple",
          "title": "It looks dirty.. LOL!",
          "image": "",
          "favoursResult": [
            {
              "result": "0bd3c01a-1c2a-4d67-8ee3-05e1817ea7d1",
              "weightage": "1"
            }
          ],
          "id": "0bb5670e-1f0b-4adc-9166-a0a831ffa39a"
        },
        {
          "type": "simple",
          "title": "What\u2019s up with this picture",
          "image": "",
          "favoursResult": [
            {
              "result": "8f795d21-48a6-473f-af11-5406b167636d",
              "weightage": "1"
            }
          ],
          "id": "693c2e78-e5a8-4855-a024-b75b2d09e42f"
        },
        {
          "type": "simple",
          "title": "Nice picture",
          "image": "",
          "favoursResult": [
            {
              "result": "fd7bb39b-8135-42b5-a557-fba0b16bf658",
              "weightage": "1"
            }
          ],
          "id": "bd6eb5eb-6465-4078-bd0d-6c97fc754011"
        },
        {
          "type": "simple",
          "title": "I have seen this already!",
          "image": "",
          "favoursResult": [
            {
              "result": "dad64174-a4f9-496d-bfdc-3d97bc591ea0",
              "weightage": "1"
            }
          ],
          "id": "9f53bf39-1764-4ddd-9d46-4054c1de1934"
        }
      ],
      "skippable": "false",
      "id": "065adb95-934c-4661-9402-e0243d024617",
      "index": "3"
    },
    {
      "question": "Look at this image! What do you think now? Be honest! ",
      "description": "<p><br><\/p>",
      "image": "\/media\/dirty-mind\/iphone.jpg",
      "choices": [
        {
          "type": "simple",
          "title": "Its a cracked iphone",
          "image": "",
          "favoursResult": [
            {
              "result": "fd7bb39b-8135-42b5-a557-fba0b16bf658",
              "weightage": "1"
            }
          ],
          "id": "89da4e11-c7aa-429d-a6f2-5869887ed22c"
        },
        {
          "type": "simple",
          "title": "Oh poor girl!",
          "image": "",
          "favoursResult": [
            {
              "result": "dad64174-a4f9-496d-bfdc-3d97bc591ea0",
              "weightage": "1"
            }
          ],
          "id": "847fe0c6-9e49-4ae5-8313-1ba56346355a"
        },
        {
          "type": "simple",
          "title": "Yuck! What an awkward crack",
          "image": "",
          "favoursResult": [
            {
              "result": "0bd3c01a-1c2a-4d67-8ee3-05e1817ea7d1",
              "weightage": "1"
            }
          ],
          "id": "395ae893-136a-49bc-ba40-a42562163e9c"
        },
        {
          "type": "simple",
          "title": "LOL! I just saw that!",
          "image": "",
          "favoursResult": [
            {
              "result": "8f795d21-48a6-473f-af11-5406b167636d",
              "weightage": "1"
            }
          ],
          "id": "f50d75d5-fb0a-4600-b8b2-d85c55a82f23"
        },
        {
          "type": "simple",
          "title": "OMG! I cant stop laughing!",
          "image": "",
          "favoursResult": [
            {
              "result": "0bd3c01a-1c2a-4d67-8ee3-05e1817ea7d1",
              "weightage": "1"
            }
          ],
          "id": "bd12f23e-cb2b-4c10-b89c-3ee6a22306da"
        },
        {
          "type": "simple",
          "title": "This is inappropriate\/too dirty!",
          "image": "",
          "favoursResult": [
            {
              "result": "dad64174-a4f9-496d-bfdc-3d97bc591ea0",
              "weightage": "1"
            }
          ],
          "id": "64701f60-9a9c-458f-8e18-effec7cc35b2"
        }
      ],
      "skippable": "false",
      "id": "f7c2bd42-67fc-4885-a8f7-ac1418a63f2d",
      "index": "4"
    },
    {
      "question": "Look at this image! What is your very first thought? Be honest!",
      "description": "<p><br><\/p>",
      "image": "\/media\/dirty-mind\/teddy.jpg",
      "choices": [
        {
          "type": "simple",
          "title": "WTF?",
          "image": "",
          "favoursResult": [
            {
              "result": "dad64174-a4f9-496d-bfdc-3d97bc591ea0",
              "weightage": "1"
            }
          ],
          "id": "6e212fe0-0690-4b50-8832-fbfe8ece4541"
        },
        {
          "type": "simple",
          "title": "LOL! Whats she doing?",
          "image": "",
          "favoursResult": [
            {
              "result": "0bd3c01a-1c2a-4d67-8ee3-05e1817ea7d1",
              "weightage": "1"
            }
          ],
          "id": "9ab59208-c965-4306-971f-49e1e47a2c0c"
        },
        {
          "type": "simple",
          "title": "Whats wrong with this pic?",
          "image": "",
          "favoursResult": [
            {
              "result": "fd7bb39b-8135-42b5-a557-fba0b16bf658",
              "weightage": "1"
            }
          ],
          "id": "02708681-dd98-49a4-a78d-aa56eaae8276"
        },
        {
          "type": "simple",
          "title": "Its a mic! I thought\u2026 LOL!",
          "image": "",
          "favoursResult": [
            {
              "result": "8f795d21-48a6-473f-af11-5406b167636d",
              "weightage": "1"
            }
          ],
          "id": "b36f1a98-0391-47a2-a336-45db424d9025"
        },
        {
          "type": "simple",
          "title": "Who is that girl?",
          "image": "",
          "favoursResult": [
            {
              "result": "fd7bb39b-8135-42b5-a557-fba0b16bf658",
              "weightage": "1"
            }
          ],
          "id": "710c97b1-8418-4e80-b4ac-9be6f0095a69"
        },
        {
          "type": "simple",
          "title": "Nice Teddy!",
          "image": "",
          "favoursResult": [
            {
              "result": "fd7bb39b-8135-42b5-a557-fba0b16bf658",
              "weightage": "1"
            }
          ],
          "id": "0752e0d8-64ce-448e-90a5-01c7f6c8102a"
        },
        {
          "type": "simple",
          "title": "Aww! Cute!",
          "image": "",
          "favoursResult": [
            {
              "result": "fd7bb39b-8135-42b5-a557-fba0b16bf658",
              "weightage": "1"
            }
          ],
          "id": "b20748a8-1658-423c-a540-1b09b2cf7f16"
        }
      ],
      "skippable": "false",
      "id": "bc433267-8c69-4b43-843e-6a5956c4755f",
      "index": "5"
    },
    {
      "question": "Look at this image! What is your very first thought? Be honest! ",
      "description": "<p><br><\/p>",
      "image": "\/media\/dirty-mind\/selfie.jpg",
      "choices": [
        {
          "type": "simple",
          "title": "OMG!",
          "image": "",
          "favoursResult": [
            {
              "result": "0bd3c01a-1c2a-4d67-8ee3-05e1817ea7d1",
              "weightage": "1"
            }
          ],
          "id": "b47a495d-49ce-4a1b-b62a-63de05c95048"
        },
        {
          "type": "simple",
          "title": "Hot girls!",
          "image": "",
          "favoursResult": [
            {
              "result": "8f795d21-48a6-473f-af11-5406b167636d",
              "weightage": "1"
            }
          ],
          "id": "c554914f-c232-46e1-8797-b8af1b811bac"
        },
        {
          "type": "simple",
          "title": "Let me zoom in!",
          "image": "",
          "favoursResult": [
            {
              "result": "dad64174-a4f9-496d-bfdc-3d97bc591ea0",
              "weightage": "1"
            }
          ],
          "id": "ccf8194c-4294-4e28-b6c2-93bfe8f60c3f"
        },
        {
          "type": "simple",
          "title": "Is she nude?",
          "image": "",
          "favoursResult": [
            {
              "result": "0bd3c01a-1c2a-4d67-8ee3-05e1817ea7d1",
              "weightage": "1"
            }
          ],
          "id": "7bc18e98-bf94-46a5-8712-eca43c335e3e"
        },
        {
          "type": "simple",
          "title": "So Hot! She should have zoomed it!",
          "image": "",
          "favoursResult": [
            {
              "result": "dad64174-a4f9-496d-bfdc-3d97bc591ea0",
              "weightage": "1"
            }
          ],
          "id": "4736083b-6f5e-4ade-8bd1-9dfa4a3e7b09"
        },
        {
          "type": "simple",
          "title": "Thats too dirty!",
          "image": "",
          "favoursResult": [
            {
              "result": "dad64174-a4f9-496d-bfdc-3d97bc591ea0",
              "weightage": "1"
            }
          ],
          "id": "4ae53453-557e-48bc-b128-b194a8af6f73"
        },
        {
          "type": "simple",
          "title": "Where is the her other leg?",
          "image": "",
          "favoursResult": [
            {
              "result": "fd7bb39b-8135-42b5-a557-fba0b16bf658",
              "weightage": "1"
            }
          ],
          "id": "10714cfa-580d-42d6-b43f-4851e3de7f31"
        }
      ],
      "skippable": "false",
      "id": "7dd33e88-d3c0-4450-9765-0efa6666cb16",
      "index": "6"
    },
    {
      "question": "Look at this image! What is your very first thought? Be honest! ",
      "description": "<p><br><\/p>",
      "image": "\/media\/dirty-mind\/bicycle.jpg",
      "choices": [
        {
          "type": "simple",
          "title": "Really? Let me have a closer look!",
          "image": "",
          "favoursResult": [
            {
              "result": "dad64174-a4f9-496d-bfdc-3d97bc591ea0",
              "weightage": "1"
            }
          ],
          "id": "12025425-edc4-4104-9e77-b271036bb4ac"
        },
        {
          "type": "simple",
          "title": "Pervert!",
          "image": "",
          "favoursResult": [
            {
              "result": "dad64174-a4f9-496d-bfdc-3d97bc591ea0",
              "weightage": "1"
            }
          ],
          "id": "42418862-6105-4e2b-b143-5fe0ffc6d707"
        },
        {
          "type": "simple",
          "title": "Porn!",
          "image": "",
          "favoursResult": [
            {
              "result": "dad64174-a4f9-496d-bfdc-3d97bc591ea0",
              "weightage": "1"
            }
          ],
          "id": "219493c7-c544-4dad-a752-1af119aacea1"
        },
        {
          "type": "simple",
          "title": "Lucky Guy!",
          "image": "",
          "favoursResult": [
            {
              "result": "0bd3c01a-1c2a-4d67-8ee3-05e1817ea7d1",
              "weightage": "1"
            }
          ],
          "id": "d9ffaa9c-65df-4ce7-a21a-3b3d593a5706"
        },
        {
          "type": "simple",
          "title": "Looks like a vintage picture!",
          "image": "",
          "favoursResult": [
            {
              "result": "fd7bb39b-8135-42b5-a557-fba0b16bf658",
              "weightage": "1"
            }
          ],
          "id": "ec1628ae-4f66-45d9-ae5c-1963ae7b7a59"
        }
      ],
      "skippable": "false",
      "id": "4a6da7aa-5d38-4213-ac5a-904a524b09a5",
      "index": "7"
    },
    {
      "question": "Look at this image! What is your very first thought? Be honest! ",
      "description": "<p><br><\/p>",
      "image": "\/media\/dirty-mind\/minion.jpg",
      "choices": [
        {
          "type": "simple",
          "title": "She is hot",
          "image": "",
          "favoursResult": [
            {
              "result": "8f795d21-48a6-473f-af11-5406b167636d",
              "weightage": "1"
            }
          ],
          "id": "1a287ae7-0b12-424c-a02d-a2b21b06b8d4"
        },
        {
          "type": "simple",
          "title": "Is it McDonalds?",
          "image": "",
          "favoursResult": [
            {
              "result": "fd7bb39b-8135-42b5-a557-fba0b16bf658",
              "weightage": "1"
            }
          ],
          "id": "ebcc29bf-db78-459b-8532-a10cfe7d7d82"
        },
        {
          "type": "simple",
          "title": "I love Minions",
          "image": "",
          "favoursResult": [
            {
              "result": "fd7bb39b-8135-42b5-a557-fba0b16bf658",
              "weightage": "1"
            }
          ],
          "id": "06ebe22d-4b98-4c50-9a41-eee4c6b58b44"
        },
        {
          "type": "simple",
          "title": "LOL! What's that minion looking at!",
          "image": "",
          "favoursResult": [
            {
              "result": "dad64174-a4f9-496d-bfdc-3d97bc591ea0",
              "weightage": "1"
            }
          ],
          "id": "74c938df-c965-41a3-9693-b3c9f1fd130c"
        },
        {
          "type": "simple",
          "title": "LOL! Thats a funny sticker!",
          "image": "",
          "favoursResult": [
            {
              "result": "0bd3c01a-1c2a-4d67-8ee3-05e1817ea7d1",
              "weightage": "1"
            }
          ],
          "id": "e066ca70-9b4f-4588-b1c9-89f3575fd9f1"
        }
      ],
      "skippable": "false",
      "id": "51a403f7-f1da-4de3-95b1-138f84a91de0",
      "index": "8"
    },
    {
      "question": "What did you think it is at first sight?",
      "description": "<p><br><\/p>",
      "image": "\/media\/dirty-mind\/book.jpg",
      "choices": [
        {
          "type": "simple",
          "title": "Cleavage",
          "image": "",
          "favoursResult": [
            {
              "result": "dad64174-a4f9-496d-bfdc-3d97bc591ea0",
              "weightage": "1"
            }
          ],
          "id": "86762c2e-9374-4f82-b423-6c73f5d712be"
        },
        {
          "type": "simple",
          "title": "Boobs",
          "image": "",
          "favoursResult": [
            {
              "result": "dad64174-a4f9-496d-bfdc-3d97bc591ea0",
              "weightage": "1"
            }
          ],
          "id": "3417d9e9-5fde-469a-a7bf-7aee94b906d7"
        },
        {
          "type": "simple",
          "title": "Book",
          "image": "",
          "favoursResult": [
            {
              "result": "fd7bb39b-8135-42b5-a557-fba0b16bf658",
              "weightage": "1"
            }
          ],
          "id": "a8514c8d-68db-4590-9a8c-338e7be5e27d"
        },
        {
          "type": "simple",
          "title": "I don\u2019t understand what it is",
          "image": "",
          "favoursResult": [
            {
              "result": "fd7bb39b-8135-42b5-a557-fba0b16bf658",
              "weightage": "1"
            }
          ],
          "id": "fc646fac-37c0-49bf-999a-6763d3a90a4d"
        }
      ],
      "skippable": "false",
      "id": "893b4fa6-b90b-4dd2-a5b6-af8efc6c867a",
      "index": "9"
    },
    {
      "question": "This is my favourite plant! I\u2019m gifting this to you coz I love you so much!. Will you keep it?",
      "description": "<p><br><\/p>",
      "image": "\/media\/dirty-mind\/cactus.jpg",
      "choices": [
        {
          "type": "simple",
          "title": "No!",
          "image": "",
          "favoursResult": [
            {
              "result": "dad64174-a4f9-496d-bfdc-3d97bc591ea0",
              "weightage": "1"
            }
          ],
          "id": "e7b5c8aa-424d-4d86-9acf-cfc5fa221bea"
        },
        {
          "type": "simple",
          "title": "Yes! Thank you!",
          "image": "",
          "favoursResult": [
            {
              "result": "fd7bb39b-8135-42b5-a557-fba0b16bf658",
              "weightage": "1"
            }
          ],
          "id": "82ad2a4b-7b3c-47b7-a162-56d231619789"
        },
        {
          "type": "simple",
          "title": "I would like a different one!",
          "image": "",
          "favoursResult": [
            {
              "result": "8f795d21-48a6-473f-af11-5406b167636d",
              "weightage": "1"
            }
          ],
          "id": "ee29e1ae-9d81-4ad3-9ba9-a83fc2914cd2"
        }
      ],
      "skippable": "false",
      "id": "b81887f7-60fc-4f1a-b16d-bfd086a48ad2",
      "index": "10"
    },
    {
      "question": "Does size matter?",
      "description": "<p><br><\/p>",
      "image": "",
      "choices": [
        {
          "type": "simple",
          "title": "Yes",
          "image": "",
          "favoursResult": [
            {
              "result": "0bd3c01a-1c2a-4d67-8ee3-05e1817ea7d1",
              "weightage": "1"
            }
          ],
          "id": "756f6af1-680c-4c86-8b6c-ccb9eb4702ea"
        },
        {
          "type": "simple",
          "title": "No",
          "image": "",
          "favoursResult": [
            {
              "result": "0bd3c01a-1c2a-4d67-8ee3-05e1817ea7d1",
              "weightage": "1"
            }
          ],
          "id": "378a2d94-1642-418a-8ddd-abc78d3a6965"
        },
        {
          "type": "simple",
          "title": "Yes! Bigger is better!",
          "image": "",
          "favoursResult": [
            {
              "result": "dad64174-a4f9-496d-bfdc-3d97bc591ea0",
              "weightage": "1"
            }
          ],
          "id": "8b9d024c-5cbf-4439-9860-80455502be9a"
        },
        {
          "type": "simple",
          "title": "I dont know!",
          "image": "",
          "favoursResult": [
            {
              "result": "8f795d21-48a6-473f-af11-5406b167636d",
              "weightage": "1"
            }
          ],
          "id": "d99dc6c2-42c7-42b6-80a7-d31063c320f7"
        },
        {
          "type": "simple",
          "title": "Size of what?",
          "image": "",
          "favoursResult": [
            {
              "result": "8f795d21-48a6-473f-af11-5406b167636d",
              "weightage": "1"
            }
          ],
          "id": "d2cea520-3d3f-4181-ab8f-352861cc5896"
        }
      ],
      "skippable": "false",
      "id": "bc6bd5f9-e814-4fb5-b996-c2c8bc3859fa",
      "index": "11"
    },
    {
      "question": "Boo_s?",
      "description": "<p><br><\/p>",
      "image": "",
      "choices": [
        {
          "type": "simple",
          "title": "Boobs",
          "image": "",
          "favoursResult": [
            {
              "result": "dad64174-a4f9-496d-bfdc-3d97bc591ea0",
              "weightage": "1"
            }
          ],
          "id": "84d829bd-365a-41e2-b2c4-694cd8d6c20b"
        },
        {
          "type": "simple",
          "title": "Books",
          "image": "",
          "favoursResult": [
            {
              "result": "8f795d21-48a6-473f-af11-5406b167636d",
              "weightage": "1"
            }
          ],
          "id": "d870ddcb-5aa8-4a45-abd3-8725cc9d3712"
        },
        {
          "type": "simple",
          "title": "LOL! I thought boobs! But I would choose Books!",
          "image": "",
          "favoursResult": [
            {
              "result": "0bd3c01a-1c2a-4d67-8ee3-05e1817ea7d1",
              "weightage": "1"
            }
          ],
          "id": "9ac3e64d-109a-4952-91da-4baae11754fa"
        },
        {
          "type": "simple",
          "title": "I don\u2019t know",
          "image": "",
          "favoursResult": [
            {
              "result": "fd7bb39b-8135-42b5-a557-fba0b16bf658",
              "weightage": "1"
            }
          ],
          "id": "e9688d4e-c2b2-45ae-bc2c-f9bbb3449414"
        }
      ],
      "skippable": "false",
      "id": "7b47ea8d-429e-4c4b-ad92-10d29f83cacf",
      "index": "12"
    },
    {
      "question": "SE_ ?",
      "description": "<p><br><\/p>",
      "image": "",
      "choices": [
        {
          "type": "simple",
          "title": "Sex",
          "image": "",
          "favoursResult": [
            {
              "result": "0bd3c01a-1c2a-4d67-8ee3-05e1817ea7d1",
              "weightage": "1"
            }
          ],
          "id": "890f7d54-0dc3-4e6f-ae1e-261d45f62922"
        },
        {
          "type": "simple",
          "title": "See",
          "image": "",
          "favoursResult": [
            {
              "result": "8f795d21-48a6-473f-af11-5406b167636d",
              "weightage": "1"
            }
          ],
          "id": "c94e1dc5-95ad-42fd-9147-6b693316e8fa"
        },
        {
          "type": "simple",
          "title": "Sea",
          "image": "",
          "favoursResult": [
            {
              "result": "8f795d21-48a6-473f-af11-5406b167636d",
              "weightage": "1"
            }
          ],
          "id": "7d5cfee3-3df1-4cb6-adce-86a69172e7ad"
        },
        {
          "type": "simple",
          "title": "Set",
          "image": "",
          "favoursResult": [
            {
              "result": "8f795d21-48a6-473f-af11-5406b167636d",
              "weightage": "1"
            }
          ],
          "id": "0a82d8e7-e9c4-4615-9a51-56005744f267"
        },
        {
          "type": "simple",
          "title": "Sew",
          "image": "",
          "favoursResult": [
            {
              "result": "8f795d21-48a6-473f-af11-5406b167636d",
              "weightage": "1"
            }
          ],
          "id": "6005bcf2-8897-4fe0-95f2-543f220db713"
        }
      ],
      "skippable": "false",
      "id": "51330929-049e-4a41-ad31-5c6ce30ef8ea",
      "index": "13"
    },
    {
      "question": "What did you think it is at first sight?",
      "description": "<p><br><\/p>",
      "image": "\/media\/dirty-mind\/two-girls.jpg",
      "choices": [
        {
          "type": "simple",
          "title": "Masturbating",
          "image": "",
          "favoursResult": [
            {
              "result": "dad64174-a4f9-496d-bfdc-3d97bc591ea0",
              "weightage": "1"
            }
          ],
          "id": "5fcf8663-6c99-4995-b0d1-491c66bbb638"
        },
        {
          "type": "simple",
          "title": "Wow! Hot!",
          "image": "",
          "favoursResult": [
            {
              "result": "0bd3c01a-1c2a-4d67-8ee3-05e1817ea7d1",
              "weightage": "1"
            }
          ],
          "id": "92028692-483d-415d-a20b-cc69f4357222"
        },
        {
          "type": "simple",
          "title": "Two girls",
          "image": "",
          "favoursResult": [
            {
              "result": "fd7bb39b-8135-42b5-a557-fba0b16bf658",
              "weightage": "1"
            }
          ],
          "id": "a9d18279-615a-48f7-b177-f90155c95c73"
        },
        {
          "type": "simple",
          "title": "LOL!",
          "image": "",
          "favoursResult": [
            {
              "result": "8f795d21-48a6-473f-af11-5406b167636d",
              "weightage": "1"
            }
          ],
          "id": "a9d7c65e-3600-47e1-b9b8-bce4a6b61031"
        },
        {
          "type": "simple",
          "title": "Sexy girls",
          "image": "",
          "favoursResult": [
            {
              "result": "0bd3c01a-1c2a-4d67-8ee3-05e1817ea7d1",
              "weightage": "1"
            }
          ],
          "id": "b52be1ce-6d27-48fd-b1da-9f19ea0d184e"
        }
      ],
      "skippable": "false",
      "id": "dc916b2e-bda7-4ba7-b315-b7296e4e9333",
      "index": "14"
    },
    {
      "question": "What did you think at first sight?",
      "description": "<p><br><\/p>",
      "image": "\/media\/dirty-mind\/tomato.jpg",
      "choices": [
        {
          "type": "simple",
          "title": "Hot Ass!",
          "image": "",
          "favoursResult": [
            {
              "result": "dad64174-a4f9-496d-bfdc-3d97bc591ea0",
              "weightage": "1"
            }
          ],
          "id": "a4b4b0de-f865-460a-8838-ee9aeb4bc936"
        },
        {
          "type": "simple",
          "title": "Tomato",
          "image": "",
          "favoursResult": [
            {
              "result": "8f795d21-48a6-473f-af11-5406b167636d",
              "weightage": "1"
            }
          ],
          "id": "4d71ba7e-f97c-41e6-a81b-34cadbf9518a"
        },
        {
          "type": "simple",
          "title": "Nice photography trick",
          "image": "",
          "favoursResult": [
            {
              "result": "0bd3c01a-1c2a-4d67-8ee3-05e1817ea7d1",
              "weightage": "1"
            }
          ],
          "id": "7c72a8b3-6655-4004-a9f8-56882c4125ae"
        },
        {
          "type": "simple",
          "title": "Photoshop?",
          "image": "",
          "favoursResult": [
            {
              "result": "fd7bb39b-8135-42b5-a557-fba0b16bf658",
              "weightage": "1"
            }
          ],
          "id": "3f3427ed-63d1-4356-9a26-ccd12cfe212e"
        },
        {
          "type": "simple",
          "title": "LOL!",
          "image": "",
          "favoursResult": [
            {
              "result": "8f795d21-48a6-473f-af11-5406b167636d",
              "weightage": "1"
            }
          ],
          "id": "57126901-5b53-499e-8e71-560d399197f9"
        }
      ],
      "skippable": "false",
      "id": "0cc9aaa0-75f3-4dcd-bc1b-75dc6abb2a75",
      "index": "15"
    },
    {
      "question": "Have you ever seen yourself having sex in a dream?",
      "description": "<p><br><\/p>",
      "image": "",
      "choices": [
        {
          "type": "simple",
          "title": "Yes",
          "image": "",
          "favoursResult": [
            {
              "result": "dad64174-a4f9-496d-bfdc-3d97bc591ea0",
              "weightage": "0"
            }
          ],
          "id": "b768e7a1-1aca-4928-b41d-3662df5071ab"
        },
        {
          "type": "simple",
          "title": "No",
          "image": "",
          "favoursResult": [
            {
              "result": "dad64174-a4f9-496d-bfdc-3d97bc591ea0",
              "weightage": "0"
            }
          ],
          "id": "505ae0bd-2979-4fe3-aa3e-5ff88839eae8"
        },
        {
          "type": "simple",
          "title": "I dont remember",
          "image": "",
          "favoursResult": [
            {
              "result": "dad64174-a4f9-496d-bfdc-3d97bc591ea0",
              "weightage": "0"
            }
          ],
          "id": "41527723-8826-4715-97bc-755d76415d55"
        }
      ],
      "skippable": "false",
      "id": "c9994ba3-1c95-4434-ad4f-71dfb34a0a31",
      "index": "16"
    },
    {
      "question": "Finally, You plan to get naughty tonight! Which of these will you buy for you\/your partner?",
      "description": "<p><br><\/p>",
      "image": "",
      "choices": [
        {
          "type": "click",
          "title": ".",
          "data": "http:\/\/dl.flipkart.com\/dl\/kamuk-life-solid-babydoll\/p\/itmdxqh5tynnchnj?pid=BBODXQH5APQBTFHZ&srno=b_7&affid=jitheshgo",
          "image": "http:\/\/img6a.flixcart.com\/image\/babydoll\/f\/h\/z\/kl6001-kamuk-life-free-size-400x400-imadxqp7euztjbjv.jpeg",
          "favoursResult": [
            {
              "result": "dad64174-a4f9-496d-bfdc-3d97bc591ea0",
              "weightage": "0"
            }
          ],
          "id": "e9f70b44-8631-4bee-b71c-edb02ed2a094"
        },
        {
          "type": "click",
          "title": ".",
          "data": "http:\/\/dl.flipkart.com\/dl\/kamuk-life-floral-print-babydoll\/p\/itmeyqhegy6vamvp?pid=BBOEYQHEXPKXEZUZ&srno=b_15&affid=jitheshgo",
          "image": "http:\/\/img6a.flixcart.com\/image\/babydoll\/z\/u\/z\/kl6024-kamuk-life-free-size-400x400-imaeyre4x8xkseu4.jpeg",
          "favoursResult": [
            {
              "result": "dad64174-a4f9-496d-bfdc-3d97bc591ea0",
              "weightage": "0"
            }
          ],
          "id": "7378842a-ec1d-4bac-b529-fb37bcba18fc"
        },
        {
          "type": "click",
          "title": ".",
          "data": "http:\/\/dl.flipkart.com\/dl\/slumber-jill-women-s-night-dress\/p\/itmeyzgnzmb7zpjf?pid=NDNEYZGN9AGXSDNS&srno=b_10&affid=jitheshgo",
          "image": "http:\/\/img5a.flixcart.com\/image\/night-dress-nighty\/w\/m\/v\/fwsj113-slumber-jill-s-400x400-imaeyyfa4xfbdcju.jpeg",
          "favoursResult": [
            {
              "result": "dad64174-a4f9-496d-bfdc-3d97bc591ea0",
              "weightage": "0"
            }
          ],
          "id": "8418abf8-567a-47f6-bdc3-48786b728062"
        },
        {
          "type": "click",
          "title": ".",
          "data": "http:\/\/dl.flipkart.com\/dl\/under-cover-lingerie-wedding-set\/p\/itmeygthfbh4ucwb?pid=LINEYGTHV5GBN6SP&srno=b_94&affid=jitheshgo",
          "image": "http:\/\/img5a.flixcart.com\/image\/lingerie-set\/6\/s\/p\/bl0101503127sc-under-cover-lingerie-free-size-400x400-imaeykzjzbmrupzz.jpeg",
          "favoursResult": [
            {
              "result": "dad64174-a4f9-496d-bfdc-3d97bc591ea0",
              "weightage": "0"
            }
          ],
          "id": "03c1d711-4cda-42b4-99e8-d2d87a2557d0"
        },
        {
          "type": "click",
          "title": ".",
          "data": "http:\/\/dl.flipkart.com\/dl\/red-rose-printed-babydoll\/p\/itmdvry2ytw2gbhj?pid=BBODVRY2YPGPKWVE&srno=b_79&affid=jitheshgo",
          "image": "http:\/\/img6a.flixcart.com\/image\/babydoll\/w\/v\/e\/9136green-red-rose-free-400x400-imadyqcdtgyygzxh.jpeg",
          "favoursResult": [
            {
              "result": "dad64174-a4f9-496d-bfdc-3d97bc591ea0",
              "weightage": "0"
            }
          ],
          "id": "68751b0d-13e4-4015-926b-73bea0b73b2a"
        },
        {
          "type": "click",
          "title": ".",
          "data": "http:\/\/dl.flipkart.com\/dl\/cloe-women-s-night-robe\/p\/itmdzzt94fvydchc?pid=NDNDZZT9RVAWHCNZ&srno=b_78&affid=jitheshgo",
          "image": "http:\/\/img5a.flixcart.com\/image\/night-dress-nighty\/z\/k\/2\/ns0259e09-cloe-s-400x400-imadzpr96efgnaaz.jpeg",
          "favoursResult": [
            {
              "result": "dad64174-a4f9-496d-bfdc-3d97bc591ea0",
              "weightage": "0"
            }
          ],
          "id": "fba9ac82-ce61-4820-a6c1-80458c2a1f41"
        }
      ],
      "skippable": "false",
      "id": "718db5e8-e021-4f58-af02-bac8b70cec4e",
      "index": "17"
    },
    {
      "question": "Look at this image! What is your very first thought? Be honest! ",
      "description": "<p><br><\/p>",
      "image": "\/media\/dirty-mind\/family-planning.jpg",
      "choices": [
        {
          "type": "simple",
          "title": "Whats this?",
          "image": "",
          "favoursResult": [
            {
              "result": "8f795d21-48a6-473f-af11-5406b167636d",
              "weightage": "1"
            }
          ],
          "id": "5eeb32bf-1889-4389-9712-08a0c74bb427"
        },
        {
          "type": "simple",
          "title": "What happened to the main entrance?",
          "image": "",
          "favoursResult": [
            {
              "result": "fd7bb39b-8135-42b5-a557-fba0b16bf658",
              "weightage": "1"
            }
          ],
          "id": "c5a074b4-8c7e-4019-8b07-d41ebb323955"
        },
        {
          "type": "simple",
          "title": "Thats an idea!",
          "image": "",
          "favoursResult": [
            {
              "result": "0bd3c01a-1c2a-4d67-8ee3-05e1817ea7d1",
              "weightage": "1"
            }
          ],
          "id": "aee04b7c-e1fc-4725-88a7-f41c8ce8d178"
        },
        {
          "type": "simple",
          "title": "LOL! Funny!",
          "image": "",
          "favoursResult": [
            {
              "result": "dad64174-a4f9-496d-bfdc-3d97bc591ea0",
              "weightage": "1"
            }
          ],
          "id": "31596e14-c7ac-496b-9d16-2493a18b5cae"
        },
        {
          "type": "simple",
          "title": "LOL! I can\u2019t stop laughing!",
          "image": "",
          "favoursResult": [
            {
              "result": "0bd3c01a-1c2a-4d67-8ee3-05e1817ea7d1",
              "weightage": "1"
            }
          ],
          "id": "92b9712c-f2b8-445e-afbe-91acc1b71aac"
        },
        {
          "type": "simple",
          "title": "There are better ways!",
          "image": "",
          "favoursResult": [
            {
              "result": "dad64174-a4f9-496d-bfdc-3d97bc591ea0",
              "weightage": "1"
            }
          ],
          "id": "12e0d933-9473-483e-9184-b20de0a7f828"
        }
      ],
      "skippable": "false",
      "id": "3c4fe749-321a-479d-8fdb-dbcbe62f17d0",
      "index": "18"
    }
  ],
  "results": [
    {
      "id": "dad64174-a4f9-496d-bfdc-3d97bc591ea0",
      "title": "80% - Dirty and exciting!",
      "image": "\/media\/dirty-mind\/dirty-exciting.jpg",
      "description": "You have such a dirty and exciting mind that you always enjoy whatever you see in a way of your own. You love to have a lotta fun and be happy! Your friends like the same about you. Believe it or not, you are the best in cracking out dirty jokes that make others laugh to death. We bow down to you. You are simply amazing!"
    },
    {
      "id": "0bd3c01a-1c2a-4d67-8ee3-05e1817ea7d1",
      "title": "50% - The naughty and cool",
      "image": "\/media\/dirty-mind\/naughty-cool.jpg",
      "description": "You're a little dirty, but in a charming way. You like mocking others with your charm and that's exactly why you're so well liked! Your friends always want to be around you. Your charm attracts a lot of people. I'm sure you are loved by every one around you."
    },
    {
      "id": "8f795d21-48a6-473f-af11-5406b167636d",
      "title": "30% - The Clean & Cool mind",
      "image": "\/media\/dirty-mind\/clean-mind.jpg",
      "description": "You do have some naughty thoughts, but you are the coolest person out their. Your friends love to be with you. May be there are many who have CRUSH on you. You are an awesome person with the perfect mix of naughty, fun and charm! You have a simply awesome mind!"
    },
    {
      "id": "fd7bb39b-8135-42b5-a557-fba0b16bf658",
      "title": "The Perfect Mind! Wow!",
      "image": "\/media\/dirty-mind\/perfect-mind.jpg",
      "description": "Naughty thoughts are like a different language to you. You're a decent human being. Although you do know how to have a good time, you don't let others know - except for your honey of course! You have the perfect mind one could ever have! Thats Awesome!"
    }
  ],
  "ogImages": {
    "main": "\/media\/dirty-mind\/og.jpg",
    "dad64174-a4f9-496d-bfdc-3d97bc591ea0": "\/media\/dirty-mind\/dirty-exciting.jpg",
    "0bd3c01a-1c2a-4d67-8ee3-05e1817ea7d1": "\/media\/dirty-mind\/naughty-cool.jpg",
    "8f795d21-48a6-473f-af11-5406b167636d": "\/media\/dirty-mind\/clean-mind.jpg",
    "fd7bb39b-8135-42b5-a557-fba0b16bf658": "\/media\/dirty-mind\/perfect-mind.jpg"
  },
  "active": true,
  "created_at": "2015-02-28 18:56:27",
  "updated_at": "2016-05-19 10:28:35",
  "settings": {
    "forceLogin": "before-result",
    "loginPromptMessage": ""
  },
  "category": 1
}