{
  "languages": [
    {
      "name": "English",
      "code": "en",
      "fb_code": "en_US",
      "direction": "ltr",
      "strings": {
        "categories": "Categories",
        "quiz": "Quiz",
        "quizzes": "Quizzes",
        "latest": "Latest",
        "popular": "Popular",
        "latestQuizzes": "Latest Quizzes",
        "popularQuizzes": "Popular Quizzes",
        "comments": "Comments",
        "contactUs": "Contact us",
        "likeUsOnFB": "Like us on Facebook",
        "shareOnFB": "Share on Facebook",
        "shareOnTwitter": "Share on Twitter",
        "shareOnPinterest": "Share on Pinterest",
        "shareOnGooglePlus": "Share on Google+",
        "loginBtn": "Login",
        "logoutBtn": "Logout",
        "closeBtn": "Close",
        "signUpBtn": "Sign up",
        "loginWithFB": "Login with Facebook",
        "loggingYouIn": "Logging you in...",
        "fbPermissionError": "Facebook login error! You must allow the permissions to log in Facebook",
        "noQuizzesYet": "No quizzes yet!",
        "hereAreSomeQuizzes": "Here are some awesome quizzes",
        "loadingQuiz": "Loading quiz..",
        "youMayAlsoLike": "You may also like",
        "pageNotFound": "Page not found",
        "someErrorOccured": "Some error occured",
        "startQuiz": "Start quiz",
        "correctAnswers": "Correct answers",
        "clickLikeToChooseThisOption": "Click like to choose this option",
        "question": "Question",
        "correct": "Correct",
        "itsTheCorrectAnswer": "It's the correct answer",
        "wrong": "Wrong",
        "theCorrectAnswerIs": "The correct answer is",
        "okNext": "Okay! Next",
        "skip": "Skip",
        "start": "Start",
        "finish": "Finish",
        "preparingResult": "Preparing the result",
        "hereIsTheResultIGot": "Here is the result I got",
        "nowTryYourselfAndLetMeKnowResult": "Now try it yourself and let me know your result!",
        "seeCorrectAnswers": "See correct answers",
        "heyShareItPrompt": "Hey! Share your result with your friends!",
        "iGot": "I got",
        "tryThisQuizAgain": "Wanna try this quiz again?",
        "wannaTryMoreQuizzes": "Wanna try more awesome quizzes?",
        "viewMoreQuizzes": "View more quizzes",
        "fbNoEmailError": "Facebook email ID cannot be obtained! Either you have disallowed the 'Email' permission or you haven't verified your email on your Facebook account yet.",
        "shareOnfacebook": "Share on Facebook",
        "shareOntwitter": "Share on Twitter",
        "shareOnpinterest": "Share on Pinterest",
        "shareOngoogleplus": "Share on Google +",
        "shareOntumblr": "Share on Tumblr",
        "shareOnreddit": "Share on Reddit",
        "shareOnvk": "Share on VK",
        "shareOnok": "Share on OK.ru",
        "embed": "Embed",
        "copyCodeBelowToEmbedQuiz": "Copy the code below to embed this Quiz",
        "points": "Points",
        "noUsersYet": "No users yet",
        "leaderboard": "Leaderboard",
        "expandLeaderboard": "More",
        "contractLeaderboard": "Less",
        "viewAllLeaderboard": "View all",
        "earnedNewPointsMessage": "You have earned new points!",
        "earnedNewPointsOkayBtnText": "Wow! Thats cool!",
        "noMoreItemsToLoad": "No more items to load!",
        "shareLockerMessage": "Share this quiz to view your result!",
        "search": "Search",
        "loadingNextSetOfItems": "Loading more items"
      }
    },
    {
      "name": "Spanish",
      "code": "es",
      "fb_code": "es_ES",
      "direction": "ltr",
      "strings": {
        "categories": "Categor\u00edas",
        "quiz": "Quiz",
        "quizzes": "Quizzes",
        "latest": "\u00daltimo",
        "popular": "Popular",
        "latestQuizzes": "Ultimos Quizzes",
        "popularQuizzes": " Quizzes Populares",
        "comments": "Comentarios",
        "contactUs": "Cont\u00e1ctanos",
        "likeUsOnFB": "Dale \"me gusta\" en Facebook",
        "shareOnFB": "Compartir en Facebook",
        "shareOnTwitter": "Compartir en Twitter",
        "shareOnPinterest": "Compartir en Pinterest",
        "shareOnGooglePlus": "Compartir en Google+",
        "loginBtn": "Iniciar Sesi\u00f3n",
        "logoutBtn": "Cerrar Sesi\u00f3n",
        "closeBtn": "Cerrar",
        "signUpBtn": "Registrarse",
        "loginWithFB": "Iniciar Sesi\u00f3n con Facebook",
        "loggingYouIn": "Iniciando Sesi\u00f3n",
        "fbPermissionError": "Error en Inicio de sesi\u00f3n con Facebook,  debes aceptar permisos para iniciar sesi\u00f3n en Facebook",
        "noQuizzesYet": "\u00a1Sin quizzes aun!",
        "hereAreSomeQuizzes": "Aqu\u00ed tienes unos quizzes asombrosos",
        "loadingQuiz": "Cargando quiz",
        "youMayAlsoLike": "Tambi\u00e9n te puede gustar",
        "pageNotFound": "P\u00e1gina no encontrada",
        "someErrorOccured": "Ocurri\u00f3 alg\u00fan error",
        "startQuiz": "Empezar Quiz",
        "correctAnswers": "Respuestas Correctas",
        "clickLikeToChooseThisOption": "Clic \"me gusta\" para elegir esta opci\u00f3n",
        "question": "Pregunta",
        "correct": "Correcto",
        "itsTheCorrectAnswer": "Es la respuesta correcta",
        "wrong": "Incorrecto",
        "theCorrectAnswerIs": "La respuesta correcta es",
        "okNext": "\u00a1Okay! Siguiente",
        "skip": "Saltar",
        "start": "Comenzar",
        "finish": "Terminar",
        "preparingResult": "Preparando el resultado",
        "hereIsTheResultIGot": "Este es el resultado que obtuve",
        "nowTryYourselfAndLetMeKnowResult": "Ahora pru\u00e9balo t\u00fa mismo y d\u00e9jame saber el resultado!",
        "seeCorrectAnswers": "Ver respuestas correctas",
        "heyShareItPrompt": "\u00a1Hey! \u00a1Comparte tu resultado con sus amigos!",
        "iGot": "Yo obtuve",
        "tryThisQuizAgain": "\u00bfQuieres intentar este quizz de nuevo?",
        "wannaTryMoreQuizzes": "\u00bfQuieres intentar otros asombrosos quizzes?",
        "viewMoreQuizzes": "Ver m\u00e1s quizzes",
        "fbNoEmailError": "Facebook login error! Your email cannot be obtained. Either you have disallowed email permission or you don't have a verified email ID on your Facebook account.",
        "shareOnfacebook": "Share on Facebook",
        "shareOntwitter": "Share on Twitter",
        "shareOnpinterest": "Share on Pinterest",
        "shareOngoogleplus": "Share on Google +",
        "shareOntumblr": "Share on Tumblr",
        "shareOnreddit": "Share on Reddit",
        "shareOnvk": "Share on VK",
        "shareOnok": "Share on OK.ru",
        "embed": "Embed",
        "copyCodeBelowToEmbedQuiz": "Copy the code below to embed this Quiz",
        "points": "Points",
        "noUsersYet": "No users yet",
        "leaderboard": "Leaderboard",
        "expandLeaderboard": "More",
        "contractLeaderboard": "Less",
        "viewAllLeaderboard": "View all",
        "earnedNewPointsMessage": "You have earned new points",
        "earnedNewPointsOkayBtnText": "Wow! Thats cool!",
        "noMoreItemsToLoad": "No more items to load!",
        "shareLockerMessage": "Share this quiz to view your result!",
        "search": "Search",
        "loadingNextSetOfItems": "Loading more items"
      }
    }
  ],
  "activeLanguage": "en"
}